<?xml version="1.0" encoding="UTF-8"?>
<GenRun Id="synth_1" LaunchPart="xc7a100tcsg324-1" LaunchTime="1711520198" LaunchIncrCheckpoint="$PSRCDIR/utils_1/imports/synth_1/CSSTE.dcp">
  <File Type="PA-TCL" Name="CSSTE.tcl"/>
  <File Type="RDS-PROPCONSTRS" Name="CSSTE_drc_synth.rpt"/>
  <File Type="REPORTS-TCL" Name="CSSTE_reports.tcl"/>
  <File Type="RDS-RDS" Name="CSSTE.vds"/>
  <File Type="RDS-UTIL" Name="CSSTE_utilization_synth.rpt"/>
  <File Type="RDS-UTIL-PB" Name="CSSTE_utilization_synth.pb"/>
  <File Type="RDS-DCP" Name="CSSTE.dcp"/>
  <File Type="VDS-TIMINGSUMMARY" Name="CSSTE_timing_summary_synth.rpt"/>
  <File Type="VDS-TIMING-PB" Name="CSSTE_timing_summary_synth.pb"/>
  <FileSet Name="sources" Type="DesignSrcs" RelSrcDir="$PSRCDIR/sources_1" RelGenDir="$PGENDIR/sources_1">
    <Filter Type="Srcs"/>
    <File Path="$PSRCDIR/sources_1/imports/IP/clk_div.edf">
      <FileInfo>
        <Attr Name="ImportPath" Val="$PPRDIR/../doc/Lab2-attachment/OExp02-IP2SOC/IP/clk_div.edf"/>
        <Attr Name="ImportTime" Val="1710292184"/>
        <Attr Name="UsedIn" Val="synthesis"/>
        <Attr Name="UsedIn" Val="implementation"/>
      </FileInfo>
    </File>
    <File Path="$PSRCDIR/sources_1/ip/Seg7_Dev_0/Seg7_Dev_0.xci">
      <FileInfo>
        <Attr Name="UsedIn" Val="synthesis"/>
        <Attr Name="UsedIn" Val="implementation"/>
        <Attr Name="UsedIn" Val="simulation"/>
      </FileInfo>
    </File>
    <File Path="$PSRCDIR/sources_1/imports/IP/SPIO.edf">
      <FileInfo>
        <Attr Name="ImportPath" Val="$PPRDIR/../doc/Lab2-attachment/OExp02-IP2SOC/IP/SPIO.edf"/>
        <Attr Name="ImportTime" Val="1710292184"/>
        <Attr Name="UsedIn" Val="synthesis"/>
        <Attr Name="UsedIn" Val="implementation"/>
      </FileInfo>
    </File>
    <File Path="$PSRCDIR/sources_1/imports/IP/SCPU.edf">
      <FileInfo>
        <Attr Name="ImportPath" Val="$PPRDIR/../doc/Lab2-attachment/OExp02-IP2SOC/IP/SCPU.edf"/>
        <Attr Name="ImportTime" Val="1710292184"/>
        <Attr Name="UsedIn" Val="synthesis"/>
        <Attr Name="UsedIn" Val="implementation"/>
      </FileInfo>
    </File>
    <File Path="$PSRCDIR/sources_1/imports/IP/SAnti_jitter.edf">
      <FileInfo>
        <Attr Name="ImportPath" Val="$PPRDIR/../doc/Lab2-attachment/OExp02-IP2SOC/IP/SAnti_jitter.edf"/>
        <Attr Name="ImportTime" Val="1710292184"/>
        <Attr Name="UsedIn" Val="synthesis"/>
        <Attr Name="UsedIn" Val="implementation"/>
      </FileInfo>
    </File>
    <File Path="$PSRCDIR/sources_1/imports/IP/Multi_8CH32.edf">
      <FileInfo>
        <Attr Name="ImportPath" Val="$PPRDIR/../doc/Lab2-attachment/OExp02-IP2SOC/IP/Multi_8CH32.edf"/>
        <Attr Name="ImportTime" Val="1710292184"/>
        <Attr Name="UsedIn" Val="synthesis"/>
        <Attr Name="UsedIn" Val="implementation"/>
      </FileInfo>
    </File>
    <File Path="$PSRCDIR/sources_1/imports/IP/MIO_BUS.edf">
      <FileInfo>
        <Attr Name="ImportPath" Val="$PPRDIR/../doc/Lab2-attachment/OExp02-IP2SOC/IP/MIO_BUS.edf"/>
        <Attr Name="ImportTime" Val="1710292184"/>
        <Attr Name="UsedIn" Val="synthesis"/>
        <Attr Name="UsedIn" Val="implementation"/>
      </FileInfo>
    </File>
    <File Path="$PSRCDIR/sources_1/imports/IP/Counter_x.edf">
      <FileInfo>
        <Attr Name="ImportPath" Val="$PPRDIR/../doc/Lab2-attachment/OExp02-IP2SOC/IP/Counter_x.edf"/>
        <Attr Name="ImportTime" Val="1710292184"/>
        <Attr Name="UsedIn" Val="synthesis"/>
        <Attr Name="UsedIn" Val="implementation"/>
      </FileInfo>
    </File>
    <File Path="$PSRCDIR/sources_1/imports/IP/Counter_x.v">
      <FileInfo>
        <Attr Name="ImportPath" Val="$PPRDIR/../doc/Lab2-attachment/OExp02-IP2SOC/IP/Counter_x.v"/>
        <Attr Name="ImportTime" Val="1710292184"/>
        <Attr Name="UsedIn" Val="synthesis"/>
        <Attr Name="UsedIn" Val="implementation"/>
        <Attr Name="UsedIn" Val="simulation"/>
      </FileInfo>
    </File>
    <File Path="$PSRCDIR/sources_1/imports/new/Hex2Ascii.v">
      <FileInfo>
        <Attr Name="ImportPath" Val="$PPRDIR/../doc/Lab2-attachment/OExp02-IP2SOC/IP/VGA/VGA.srcs/sources_1/new/Hex2Ascii.v"/>
        <Attr Name="ImportTime" Val="1710292184"/>
        <Attr Name="UsedIn" Val="synthesis"/>
        <Attr Name="UsedIn" Val="implementation"/>
        <Attr Name="UsedIn" Val="simulation"/>
      </FileInfo>
    </File>
    <File Path="$PSRCDIR/sources_1/imports/IP/MIO_BUS.v">
      <FileInfo>
        <Attr Name="ImportPath" Val="$PPRDIR/../doc/Lab2-attachment/OExp02-IP2SOC/IP/MIO_BUS.v"/>
        <Attr Name="ImportTime" Val="1710292184"/>
        <Attr Name="UsedIn" Val="synthesis"/>
        <Attr Name="UsedIn" Val="implementation"/>
        <Attr Name="UsedIn" Val="simulation"/>
      </FileInfo>
    </File>
    <File Path="$PSRCDIR/sources_1/imports/IP/Multi_8CH32.v">
      <FileInfo>
        <Attr Name="ImportPath" Val="$PPRDIR/../doc/Lab2-attachment/OExp02-IP2SOC/IP/Multi_8CH32.v"/>
        <Attr Name="ImportTime" Val="1710292184"/>
        <Attr Name="UsedIn" Val="synthesis"/>
        <Attr Name="UsedIn" Val="implementation"/>
        <Attr Name="UsedIn" Val="simulation"/>
      </FileInfo>
    </File>
    <File Path="$PSRCDIR/sources_1/imports/IP/SAnti_jitter.v">
      <FileInfo>
        <Attr Name="ImportPath" Val="$PPRDIR/../doc/Lab2-attachment/OExp02-IP2SOC/IP/SAnti_jitter.v"/>
        <Attr Name="ImportTime" Val="1710292184"/>
        <Attr Name="UsedIn" Val="synthesis"/>
        <Attr Name="UsedIn" Val="implementation"/>
        <Attr Name="UsedIn" Val="simulation"/>
      </FileInfo>
    </File>
    <File Path="$PSRCDIR/sources_1/imports/IP/SCPU.v">
      <FileInfo>
        <Attr Name="ImportPath" Val="$PPRDIR/../doc/Lab2-attachment/OExp02-IP2SOC/IP/SCPU.v"/>
        <Attr Name="ImportTime" Val="1710292184"/>
        <Attr Name="UsedIn" Val="synthesis"/>
        <Attr Name="UsedIn" Val="implementation"/>
        <Attr Name="UsedIn" Val="simulation"/>
      </FileInfo>
    </File>
    <File Path="$PSRCDIR/sources_1/imports/IP/SPIO.v">
      <FileInfo>
        <Attr Name="ImportPath" Val="$PPRDIR/../doc/Lab2-attachment/OExp02-IP2SOC/IP/SPIO.v"/>
        <Attr Name="ImportTime" Val="1710292184"/>
        <Attr Name="UsedIn" Val="synthesis"/>
        <Attr Name="UsedIn" Val="implementation"/>
        <Attr Name="UsedIn" Val="simulation"/>
      </FileInfo>
    </File>
    <File Path="$PSRCDIR/sources_1/imports/new/VGA.v">
      <FileInfo>
        <Attr Name="ImportPath" Val="$PPRDIR/../doc/Lab2-attachment/OExp02-IP2SOC/IP/VGA/VGA.srcs/sources_1/new/VGA.v"/>
        <Attr Name="ImportTime" Val="1710292184"/>
        <Attr Name="UsedIn" Val="synthesis"/>
        <Attr Name="UsedIn" Val="implementation"/>
        <Attr Name="UsedIn" Val="simulation"/>
      </FileInfo>
    </File>
    <File Path="$PSRCDIR/sources_1/imports/new/VgaController.v">
      <FileInfo>
        <Attr Name="ImportPath" Val="$PPRDIR/../doc/Lab2-attachment/OExp02-IP2SOC/IP/VGA/VGA.srcs/sources_1/new/VgaController.v"/>
        <Attr Name="ImportTime" Val="1710292184"/>
        <Attr Name="UsedIn" Val="synthesis"/>
        <Attr Name="UsedIn" Val="implementation"/>
        <Attr Name="UsedIn" Val="simulation"/>
      </FileInfo>
    </File>
    <File Path="$PSRCDIR/sources_1/imports/new/VgaDebugger.v">
      <FileInfo>
        <Attr Name="ImportPath" Val="$PPRDIR/../doc/Lab2-attachment/OExp02-IP2SOC/IP/VGA/VGA.srcs/sources_1/new/VgaDebugger.v"/>
        <Attr Name="ImportTime" Val="1710292184"/>
        <Attr Name="UsedIn" Val="synthesis"/>
        <Attr Name="UsedIn" Val="implementation"/>
        <Attr Name="UsedIn" Val="simulation"/>
      </FileInfo>
    </File>
    <File Path="$PSRCDIR/sources_1/imports/new/VgaDisplay.v">
      <FileInfo>
        <Attr Name="ImportPath" Val="$PPRDIR/../doc/Lab2-attachment/OExp02-IP2SOC/IP/VGA/VGA.srcs/sources_1/new/VgaDisplay.v"/>
        <Attr Name="ImportTime" Val="1710292184"/>
        <Attr Name="UsedIn" Val="synthesis"/>
        <Attr Name="UsedIn" Val="implementation"/>
        <Attr Name="UsedIn" Val="simulation"/>
      </FileInfo>
    </File>
    <File Path="$PSRCDIR/sources_1/imports/IP/clk_div.v">
      <FileInfo>
        <Attr Name="ImportPath" Val="$PPRDIR/../doc/Lab2-attachment/OExp02-IP2SOC/IP/clk_div.v"/>
        <Attr Name="ImportTime" Val="1710292184"/>
        <Attr Name="UsedIn" Val="synthesis"/>
        <Attr Name="UsedIn" Val="implementation"/>
        <Attr Name="UsedIn" Val="simulation"/>
      </FileInfo>
    </File>
    <File Path="$PSRCDIR/sources_1/new/CSSTE.v">
      <FileInfo>
        <Attr Name="UsedIn" Val="synthesis"/>
        <Attr Name="UsedIn" Val="implementation"/>
        <Attr Name="UsedIn" Val="simulation"/>
      </FileInfo>
    </File>
    <File Path="$PSRCDIR/sources_1/imports/ip/component.xml">
      <FileInfo SFType="IPXACT"/>
    </File>
    <File Path="$PSRCDIR/sources_1/ip/ROM_1/ROM_1.xci">
      <FileInfo>
        <Attr Name="UsedIn" Val="synthesis"/>
        <Attr Name="UsedIn" Val="implementation"/>
        <Attr Name="UsedIn" Val="simulation"/>
      </FileInfo>
    </File>
    <File Path="$PPRDIR/../doc/Lab2-attachment/OExp02-IP2SOC/I_mem.coe">
      <FileInfo>
        <Attr Name="UsedIn" Val="synthesis"/>
        <Attr Name="UsedIn" Val="simulation"/>
      </FileInfo>
    </File>
    <File Path="$PSRCDIR/sources_1/ip/RAM_1/RAM_1.xci">
      <FileInfo>
        <Attr Name="UsedIn" Val="synthesis"/>
        <Attr Name="UsedIn" Val="implementation"/>
        <Attr Name="UsedIn" Val="simulation"/>
      </FileInfo>
    </File>
    <File Path="$PPRDIR/../doc/Lab2-attachment/OExp02-IP2SOC/D_mem.coe">
      <FileInfo>
        <Attr Name="UsedIn" Val="synthesis"/>
        <Attr Name="UsedIn" Val="simulation"/>
      </FileInfo>
    </File>
    <File Path="$PSRCDIR/sources_1/imports/UART/UART.v">
      <FileInfo>
        <Attr Name="ImportPath" Val="$PPRDIR/../doc/UART/UART.v"/>
        <Attr Name="ImportTime" Val="1710913344"/>
        <Attr Name="UsedIn" Val="synthesis"/>
        <Attr Name="UsedIn" Val="implementation"/>
        <Attr Name="UsedIn" Val="simulation"/>
      </FileInfo>
    </File>
    <File Path="$PSRCDIR/sources_1/imports/UART/string_to_print.v">
      <FileInfo>
        <Attr Name="ImportPath" Val="$PPRDIR/../doc/UART/string_to_print.v"/>
        <Attr Name="ImportTime" Val="1710828958"/>
        <Attr Name="UsedIn" Val="synthesis"/>
        <Attr Name="UsedIn" Val="implementation"/>
        <Attr Name="UsedIn" Val="simulation"/>
      </FileInfo>
    </File>
    <File Path="$PSRCDIR/sources_1/imports/UART/uart_display.v">
      <FileInfo>
        <Attr Name="ImportPath" Val="$PPRDIR/../doc/UART/uart_display.v"/>
        <Attr Name="ImportTime" Val="1710913358"/>
        <Attr Name="UsedIn" Val="synthesis"/>
        <Attr Name="UsedIn" Val="implementation"/>
        <Attr Name="UsedIn" Val="simulation"/>
      </FileInfo>
    </File>
    <File Path="$PSRCDIR/sources_1/imports/UART/uart_tx.v">
      <FileInfo>
        <Attr Name="ImportPath" Val="$PPRDIR/../doc/UART/uart_tx.v"/>
        <Attr Name="ImportTime" Val="1705629218"/>
        <Attr Name="UsedIn" Val="synthesis"/>
        <Attr Name="UsedIn" Val="implementation"/>
        <Attr Name="UsedIn" Val="simulation"/>
      </FileInfo>
    </File>
    <Config>
      <Option Name="DesignMode" Val="RTL"/>
      <Option Name="TopModule" Val="CSSTE"/>
    </Config>
  </FileSet>
  <FileSet Name="constrs_in" Type="Constrs" RelSrcDir="$PSRCDIR/constrs_1">
    <Filter Type="Constrs"/>
    <File Path="$PSRCDIR/constrs_1/imports/OExp02-IP2SOC/A7.xdc">
      <FileInfo>
        <Attr Name="ImportPath" Val="$PPRDIR/../doc/Lab2-attachment/OExp02-IP2SOC/A7.xdc"/>
        <Attr Name="ImportTime" Val="1710292184"/>
        <Attr Name="UsedIn" Val="synthesis"/>
        <Attr Name="UsedIn" Val="implementation"/>
      </FileInfo>
    </File>
    <Config>
      <Option Name="ConstrsType" Val="XDC"/>
    </Config>
  </FileSet>
  <FileSet Name="utils" Type="Utils" RelSrcDir="$PSRCDIR/utils_1">
    <Filter Type="Utils"/>
    <File Path="$PSRCDIR/utils_1/imports/synth_1/CSSTE.dcp">
      <FileInfo>
        <Attr Name="UsedIn" Val="synthesis"/>
        <Attr Name="UsedIn" Val="implementation"/>
        <Attr Name="UsedInSteps" Val="synth_1"/>
        <Attr Name="AutoDcp" Val="1"/>
      </FileInfo>
    </File>
    <Config>
      <Option Name="TopAutoSet" Val="TRUE"/>
    </Config>
  </FileSet>
  <Strategy Version="1" Minor="2">
    <StratHandle Name="Vivado Synthesis Defaults" Flow="Vivado Synthesis 2022"/>
    <Step Id="synth_design"/>
  </Strategy>
</GenRun>
